Je voudrais réserver un créneau;demande de créneau
J'aimerai réserver un créneau;demande de créneau
je souhaiterai réserver un créneau ;demande de créneau
est il possible de réserver un créneau ;demande de créneau
puis je réserver un créneau;demande de créneau
je voudrais prendre un rendez vous;demande de créneau
j'aimerai prendre un rendez vous;demande de créneau
je souhaiterai prendre un rendez vous;demande de créneau
puis je prendre un rendez vous;demande de créneau
Bonjour je voudrais réserver un créneau;demande de créneau
bonjour J'aimerai réserver un créneau;demande de créneau
bonjour je souhaiterai réserver un créneau ;demande de créneau
bonjour est il possible de réserver un créneau ;demande de créneau
bonjour puis je réserver un créneau;demande de créneau
bonjour je voudrais prendre un rendez vous;demande de créneau
bonjour j'aimerai prendre un rendez vous;demande de créneau
bonjour je souhaiterai prendre un rendez vous;demande de créneau
bonjour puis je prendre un rendez vous;demande de créneau
je veux réserver un créneau;demande de créneau
donnez moi un créneau;demande de créneau
réserver créneau;demande de créneau
réservation créneau;demande de créneau
je veux un rendez vous;demande de créneau
donnez moi un rendez vous;demande de créneau
trouvez moi un créneau;demande de créneau
j'aimerai un créneau;demande de créneau
je veux un créneau;demande de créneau
montrez moi les créneau;demande d'informations
montrez moi les créneaux libres;demande d'informations
je veux voir les créneaux ;demande d'informations
je veux voir les créneaux libres;demande d'informations
montrez moi les créneaux disponibles;demande d'informations
je veux voir les créneaux disponibles;demande d'informations
quels sont les créneaux;demande d'informations
quels sont les créneaux libres;demande d'informations
quels sont les créneaux disponibles;demande d'informations
créneaux libres;demande d'informations
créneaux disponibles;demande d'informations
est ce qu'il y a des créneaux ;demande d'informations
est ce qu'il y a des créneaux libres;demande d'informations
est ce qu'il y a des créneaux disponibles;demande d'informations